 1.6849449561518, 1.68545841182521, 1.68542935706293, 1.68493993622325, 1.68550114139755, 1.68528441114137, 1.68506128875683, 1.68558922555157, 1.68495571288577, 1.68547900284925, 1.68518558066645, 1.68525761578458, 1.68540959277546, 1.68508442578897, 1.68553136997801, 1.68498488335801, 1.68558224184358, 1.68493995862504, 1.68559016781907, 1.68494365077308, 1.68555067477906, 1.68502634804985, 1.68542812054184, 1.68523995441766, 1.68518249953239,  1.6855239566803, 1.68494016633445, 1.68554049300592, 1.68520260296805, 1.68508102581978, 1.68558870967406, 1.68515947288454, 1.68502373476779, 1.68551583899572, 1.68547926186854, 1.68502037192568, 1.68500218669983, 1.68533268957199, 1.68555648034594, 1.68558213099861, 1.68549926356403
1.68527665691837, 1.68557160462031, 1.68499287568014, 1.68529131290898, 1.68551974415894, 1.68493510913852,  1.6855254275298, 1.68515466599825, 1.68525417232378, 1.68543375260301, 1.68505321593463, 1.68555082823617, 1.68497300351649, 1.68558107825212,  1.6849520896633, 1.68558617094389, 1.68495040960587, 1.68558510480069, 1.68495311709066,  1.6855845892182, 1.68494964418889, 1.68558956235564, 1.68493665906911, 1.68558791192222,  1.6849533940812, 1.68551835890435, 1.68511990761935, 1.68527519114254, 1.68547753951347, 1.68494715050743, 1.68553190735523, 1.68527720442972, 1.68498675887139, 1.68551334769263, 1.68543894836928, 1.68496117134594, 1.68512600352091, 1.68550276758321, 1.68557643183542, 1.68536495430216, 1.68511743708658
1.68552501942144, 1.68534098337489,  1.6849682630879, 1.68554857694675, 1.68518754850759, 1.68515410980694, 1.68555120780824, 1.68493869176229, 1.68557818690137, 1.68497645100796,  1.6855177789402, 1.68502696358296, 1.68550311153157, 1.68500912816904, 1.68554078443157, 1.68495584798157,  1.6855846408352, 1.68493627584974, 1.68558431499506, 1.68498530439907, 1.68553239759159, 1.68506309850266, 1.68547605990179,  1.6851025815851, 1.68547431066744, 1.68506132422815, 1.68554345591081, 1.68495775718984, 1.68558865894371, 1.68499637182226, 1.68537317873054, 1.68543578473278, 1.68494386349083, 1.68548123606429, 1.68543528179987, 1.68494242325699, 1.68523123385449, 1.68557815398397, 1.68544744622989, 1.68508315149614, 1.68493475910381
1.68558733199925, 1.68515763016519, 1.68509364675036, 1.68559179941042, 1.68500655926495, 1.68536332975399,  1.6853662136452, 1.68508684025313, 1.68553756941799, 1.68498812848939, 1.68556521409712, 1.68499588113875, 1.68552572005573, 1.68510187571801, 1.68536879603822, 1.68532320394545, 1.68509525459677, 1.68554044012585, 1.68493523252328, 1.68557746799278,  1.6850527785252, 1.68540484355296, 1.68527404821969, 1.68519643842403, 1.68541518300658, 1.68509619486252, 1.68544706889146, 1.68512157190356, 1.68536380971193,  1.6853044467162, 1.68512048732739, 1.68556815156868, 1.68494489814459,  1.6854097083844,  1.6854674337879, 1.68493925476132, 1.68529727383838, 1.68559132640078, 1.68527579196049, 1.68494437113937, 1.68505841973447
 1.6855903402644, 1.68513240117719, 1.68511807665483, 1.68558954635035, 1.68498189334896, 1.68540857178746, 1.68529543420578,  1.6851700224056, 1.68545330463191, 1.68510486190147, 1.68543626128036, 1.68520406391901,  1.6852484886529, 1.68544219519052, 1.68496966573982, 1.68559076803161,  1.6850571236026, 1.68529545847167, 1.68547597387431, 1.68493727705343,  1.6855557172847, 1.68517178093955, 1.68519370253401, 1.68549932431185, 1.68494943842327, 1.68559187754057, 1.68495425300596, 1.68557142034406,  1.6849752239404, 1.68558142184524, 1.68493675945903, 1.68557112148938, 1.68505460097955, 1.68528654318337, 1.68552332052086,  1.6849444536621, 1.68532526236362,  1.6855771014849, 1.68513505252476,  1.6849564389396,  1.6852813609265
1.68555675406014, 1.68527082665591, 1.68500945966878, 1.68557932589142, 1.68508281045898,  1.6852891050651, 1.68541637348986, 1.68507620001953, 1.68551286197036, 1.68506529189023, 1.68544074710056, 1.68524846103891, 1.68513910524702, 1.68555076009435, 1.68495413854899, 1.68541516285846, 1.68543955358205, 1.68493472237226, 1.68546425056167, 1.68541517360598, 1.68493583971111, 1.68549818437848, 1.68534223713533, 1.68498140714257, 1.68558905448153, 1.68505974217025, 1.68535775847615, 1.68533417347285, 1.68513878485836,  1.6854379971934, 1.68511407737154, 1.68537735224499, 1.68529242432938,   1.685118164549, 1.68557694316744, 1.68496661269748, 1.68531891826432,  1.6855607648884, 1.68504596136918, 1.68504495493637, 1.68545865320263
1.68535531404402, 1.68553353719041, 1.68495066438477, 1.68538714528682, 1.68541506386519, 1.68499873361931, 1.68559079971374, 1.68493544029563, 1.68558579672156, 1.68493492278985, 1.68557996407786, 1.68507220514807, 1.68527375059583, 1.68552162507593, 1.68496416726408, 1.68529865448579, 1.68556637726863, 1.68509233792199, 1.68504577185264, 1.68555795511735, 1.68537892658436, 1.68493640179735, 1.68537062981732, 1.68551986477285,  1.6849672409799, 1.68536258546709, 1.68544783912743, 1.68495016720021, 1.68558910127059,  1.6849967213699, 1.68551819890617, 1.68505199191559, 1.68553626453118, 1.68496412137411, 1.68558812609017, 1.68502593481804, 1.68527964885073, 1.68555522091665, 1.68499884249636, 1.68514556408286, 1.68555768838808
1.68497047120972, 1.68550099169751, 1.68537433009688, 1.68495983066155, 1.68555177612677, 1.68513287086341, 1.68527551853719, 1.68537588322945, 1.68518490301225, 1.68531990742124, 1.68538278834601, 1.68498425481627, 1.68557950122824, 1.68524924811655, 1.68495531470871, 1.68543603806234, 1.68555524595984, 1.68517543625785, 1.68493811101961, 1.68527554395088, 1.68558895264589, 1.68538346755747, 1.68496862187706, 1.68515624727835, 1.68558791194335, 1.68526459645281, 1.68497159577762, 1.68556312907349, 1.68520201558206, 1.68515074463653, 1.68550991786969, 1.68496447516257, 1.68556931686654, 1.68496308901134, 1.68551359879229, 1.68514343686933, 1.68520761622709, 1.68556325309697, 1.68497863135027, 1.68522771078396, 1.68559111423715
1.68526060080499, 1.68496493713407, 1.68549258421123, 1.68538502145637, 1.68495863217846, 1.68555794898193, 1.68509184934031,  1.6853571431275, 1.68522192023952, 1.68539784635851, 1.68500899597384, 1.68559136540854, 1.68516848687361, 1.68498691213662, 1.68545364937589, 1.68557427236342, 1.68531900675415, 1.68501686404766, 1.68494749656481, 1.68516216544285, 1.68546387673118, 1.68559170398251, 1.68543769749391, 1.68508915609962, 1.68495398383981, 1.68536420371776, 1.68557427363454, 1.68511870112649, 1.68507898478564,  1.6855913861188, 1.68503834408098, 1.68537513447456, 1.68530416784576, 1.68520936871169,  1.6853297631456, 1.68531900664794, 1.68510771128389, 1.68557948563925, 1.68497560303223, 1.68528381551729, 1.68558201278669
1.68549054967097, 1.68547420267619, 1.68495572205661, 1.68526681955085, 1.68557503148259, 1.68498528703512, 1.68536077942286,  1.6853617624029, 1.68514892276639, 1.68537779668248, 1.68534970672263, 1.68496945512031, 1.68551486070615, 1.68550349624443, 1.68515979785567, 1.68494960432006, 1.68496608915629, 1.68508730176775, 1.68522486386268, 1.68535182413097, 1.68546449806752, 1.68555391760867, 1.68559188194695,  1.6855305982374, 1.68532824260082, 1.68503315473632, 1.68496849268892, 1.68538225732295, 1.68556840758552, 1.68509037033181, 1.68513266380845, 1.68557497356805, 1.68495847746728, 1.68552721812418, 1.68507555207747,  1.6855008438737, 1.68500124881324, 1.68559153260349, 1.68498729039965, 1.68531444380572, 1.68555265272594
1.68500204158195, 1.68509783625221, 1.68553895796729, 1.68544032276341, 1.68495120100402, 1.68527122204426,  1.6855668331832, 1.68494984703549, 1.68549903003435, 1.68504396872143, 1.68555884599066, 1.68497690005145,  1.6851951239804, 1.68555838510789, 1.68557219732282, 1.68549802179534, 1.68546381323441,  1.6854829348206, 1.68552971053719, 1.68557257469783, 1.68559131107812,  1.6855873598331,   1.685578769849, 1.68558185929303, 1.68559180037046, 1.68556655408999, 1.68543255455173, 1.68514942384647, 1.68493476740871, 1.68526101046335, 1.68558900233195, 1.68513059961067, 1.68513838923663, 1.68555114739513, 1.68493487146638, 1.68559140675455, 1.68493654797169, 1.68558122957387, 1.68501757730429, 1.68532202774298, 1.68551972710069
1.68544777644499, 1.68557041198088, 1.68521184102936, 1.68493501947445, 1.68517543526328, 1.68554577955183, 1.68544918774876, 1.68494379100207, 1.68539585134763, 1.68531088826694, 1.68528819882173,  1.6850423658407, 1.68555120017065, 1.68554982238428, 1.68546118488234, 1.68548394474113, 1.68557346203229, 1.68555367406489,  1.6852573257879, 1.68495003032898, 1.68506367882816, 1.68539023155634, 1.68557521892458, 1.68557093946378, 1.68548637444747, 1.68543399527263, 1.68546060985406, 1.68554709664945, 1.68558842003778, 1.68541849671485, 1.68503130715333, 1.68506191780761,  1.6855794503297, 1.68520022099001, 1.68513735866423, 1.68551063822379,  1.6849818809053, 1.68552877827291, 1.68507430895986, 1.68530843335004, 1.68549359193844
1.68537009877404, 1.68499422654668, 1.68496573800513, 1.68516515976592, 1.68538258140851, 1.68553994687754, 1.68558848332843, 1.68540806650887,  1.6849935280555, 1.68518816065404, 1.68552935572103, 1.68510384984286, 1.68506942245678, 1.68537680675743, 1.68537567849592, 1.68509947610546, 1.68497895852058, 1.68551087606162, 1.68529636831318, 1.68504002661089, 1.68559027131426, 1.68509048068489, 1.68510035862383,  1.6855515883026, 1.68549472301955,  1.6851819974361, 1.68500377130945, 1.68496065686965, 1.68498092767934, 1.68510404834718, 1.68538961528791, 1.68559190823133, 1.68530947175712,  1.6849393705906, 1.68551292676813, 1.68525409985707, 1.68517248282414, 1.68541838095381, 1.68516484718039, 1.68527459454403, 1.68547930348565
1.68493540498844, 1.68511156616401, 1.68528808003358, 1.68534750333452,   1.685309829658, 1.68519642775259, 1.68505383502475, 1.68496160714625, 1.68494000538092, 1.68497279726222, 1.68527416994702, 1.68553623857682, 1.68517351413809, 1.68494599111916, 1.68504199095761, 1.68555428357017, 1.68499618023609, 1.68558962250488, 1.68506797729038, 1.68517264405624, 1.68556954717163, 1.68495503763678, 1.68555385516741,  1.6849670074794, 1.68557747645219, 1.68522362599788, 1.68493855831994, 1.68514638390566, 1.68532023670154, 1.68535248914904, 1.68525284330815, 1.68503770644408, 1.68495594796307, 1.68538012080965, 1.68554026595467, 1.68497249154396, 1.68543649453873,  1.6852496135807, 1.68528765683314, 1.68522142289031, 1.68547828727861
1.68525337927187, 1.68547590439376, 1.68549521374605,  1.6853396533796, 1.68498577120628, 1.68521896024787, 1.68551083939088, 1.68497818648248, 1.68553004635388, 1.68499962538043, 1.68559060407575, 1.68540364655675, 1.68559190993615, 1.68517328106054, 1.68553937467712, 1.68499341937967, 1.68498716445478, 1.68527474074702, 1.68557899642519, 1.68548333461139, 1.68527821232752, 1.68527613900459, 1.68549688578513, 1.68552845877631,  1.6849535778828, 1.68556582504041, 1.68493476949731, 1.68540433208722,  1.6855874569388, 1.68544654801792, 1.68535511501022, 1.68541613519119, 1.68556131439494, 1.68553835031821,  1.6851360148905, 1.68502384525592, 1.68558888894871, 1.68505698019479, 1.68542514034847,  1.6851513615021, 1.68548957485364
1.68553688452178,  1.6855918580015, 1.68556873869091,  1.6851817162766, 1.68525978407422, 1.68501919109099, 1.68518321082403, 1.68493487456908, 1.68552777522543, 1.68541166009381, 1.68555442794453, 1.68494141824872,  1.6853673227214, 1.68553069602506, 1.68501947311989, 1.68507834311115, 1.68493671193199, 1.68497393402121, 1.68500753547922, 1.68541309829033, 1.68513208284463, 1.68555160364309, 1.68497162290639, 1.68536285139967, 1.68538397369937, 1.68505513173919,  1.6851917467117, 1.68539394431877, 1.68539364198712, 1.68493997975653, 1.68506019658284,  1.6851875018044, 1.68515232130863, 1.68499264945249, 1.68498010236111, 1.68543296482549, 1.68549649473899, 1.68493801847886, 1.68554084350834, 1.68507076137605, 1.68551045336197
1.68559031242166, 1.68549822292424, 1.68559055591059, 1.68498042163382, 1.68542969488194, 1.68511290835029, 1.68550862190341, 1.68557359426459, 1.68544877481201, 1.68496460159005, 1.68493998047153, 1.68534478734019, 1.68554358332586, 1.68555400176649, 1.68540868182824, 1.68495199517782, 1.68497644691442, 1.68493830680056, 1.68558493034533,  1.6854565425174, 1.68549207302994, 1.68559191598393, 1.68543263481778, 1.68555892731171,   1.684961106076, 1.68543101368477, 1.68543914507166, 1.68504183564126, 1.68534139546615, 1.68511966162992, 1.68558492202839, 1.68545826382967, 1.68529867002546, 1.68532895371211, 1.68550912637714, 1.68557272038841, 1.68518802226928, 1.68501312224497, 1.68559168586933, 1.68499375002843, 1.68553674406754
1.68556507119619,  1.6852940399378, 1.68558045274871, 1.68494522455115, 1.68509925276487, 1.68496042635884,  1.6855832881759, 1.68557621751373,  1.6855906877799, 1.68513782850151, 1.68503892856168, 1.68526996708043, 1.68525407544784, 1.68530898062067, 1.68555440050563, 1.68539311059221, 1.68503778014531, 1.68493894939692, 1.68532534038914, 1.68493793021926, 1.68494682128129, 1.68556030929218, 1.68555205081768, 1.68493781809423, 1.68497658296974, 1.68493631291904, 1.68559157733493, 1.68541578045454,  1.6855671235318, 1.68526489152278, 1.68533603337269, 1.68496057193819, 1.68528635516987,  1.6854358564353, 1.68540309105608, 1.68519270986826, 1.68493744232376, 1.68528329098131, 1.68554744696644, 1.68494262695826, 1.68556304977096
1.68558975466709, 1.68509403451905, 1.68546850392601, 1.68499518335642, 1.68548059468562, 1.68556134819192, 1.68557933932737,  1.6850404884441, 1.68554498088373, 1.68555170000402, 1.68558963688186, 1.68559085130813, 1.68495851562891,  1.6850163066734, 1.68509859985203, 1.68513749589849, 1.68513522159007, 1.68498169113292, 1.68533743136127, 1.68505235426612, 1.68495103758551, 1.68512856420278, 1.68509748751682, 1.68498701525381, 1.68527716850913, 1.68551952365224, 1.68504116673619, 1.68500998486567, 1.68516710457425, 1.68510113764693, 1.68504988002319, 1.68548885141331, 1.68537740394088, 1.68499954450331, 1.68493884472682, 1.68495884161815, 1.68515557885131, 1.68554499826808, 1.68540191201266, 1.68494259823302, 1.68558333679287
1.68538276513248,  1.6849968506369, 1.68513726947314, 1.68493758235781, 1.68494181985542, 1.68527304455159, 1.68498184305588, 1.68542109305772, 1.68558320031833,  1.6849509159649,  1.6849372446223,  1.6853553796585, 1.68501283380304, 1.68537220235928, 1.68545389335352, 1.68521876878268, 1.68554798172506, 1.68501927692691, 1.68554150096098, 1.68528719454174, 1.68553678171053, 1.68551556473873, 1.68501992633367, 1.68522994824135, 1.68558251174533, 1.68524590925958, 1.68547435036868, 1.68558998936525, 1.68558412425828, 1.68505958697651, 1.68504968803985, 1.68555496815838, 1.68500042859687, 1.68554554079369, 1.68554970549011,  1.6854843890529, 1.68555544386315, 1.68556228561682, 1.68518438089562, 1.68501170894367, 1.68559188663063
1.68531018133371, 1.68505555348995, 1.68494548065295, 1.68522299062929, 1.68494151889816,  1.6851073763838, 1.68554087292226, 1.68523496509683, 1.68544494694314, 1.68493626978576, 1.68538204420726, 1.68537297168028, 1.68551357186626, 1.68558988873047,    1.68558891102, 1.68493815402638, 1.68495040343108, 1.68549132060775, 1.68496964177674, 1.68496574124323, 1.68551513438987, 1.68552302654261, 1.68508689571863, 1.68552685649756, 1.68554062964079, 1.68537497999171, 1.68552588183945, 1.68502270692754, 1.68523633261956,  1.6853083366638, 1.68542159010746, 1.68540543713197, 1.68552912704571, 1.68502102022893, 1.68514853693997, 1.68542875687232, 1.68546141703606, 1.68530589892397, 1.68498476354962, 1.68514823556037, 1.68558410538875
 1.6855863539409, 1.68555944989362,  1.6852761677721, 1.68548556112271,  1.6853617880347, 1.68517476066467, 1.68497766090624, 1.68495885114345, 1.68531293370943, 1.68532418420786, 1.68529631877275, 1.68539190564737, 1.68545173439329, 1.68500861025535, 1.68547705916192, 1.68499120344274, 1.68531289090776, 1.68556350839223, 1.68519759510794, 1.68525373460815, 1.68493487617139, 1.68559162090421, 1.68548344901938, 1.68511115834564, 1.68496261265716, 1.68533144199449, 1.68502544821737, 1.68493776268441, 1.68494477505061, 1.68520995145019, 1.68528059816946, 1.68548756997503, 1.68552381899549, 1.68535701678794, 1.68532577281093, 1.68493504716918, 1.68500454379035, 1.68498211505243, 1.68494847217668, 1.68532231432488, 1.68555735762758
1.68553639871778,  1.6852181647853, 1.68544418849789,  1.6851767891567, 1.68494719519528, 1.68559191283455, 1.68556345223101, 1.68531496391013, 1.68543538372158, 1.68504600632014,  1.6855890980059, 1.68551702907163, 1.68551751338461, 1.68535973366396, 1.68498014577111, 1.68551758981404, 1.68558735908958, 1.68532118516699, 1.68497318105824,  1.6855647840646, 1.68510035724487, 1.68517110321988, 1.68548277481951, 1.68542435242575, 1.68493720888148, 1.68496538792257, 1.68501436403911, 1.68512327927045, 1.68557879291393, 1.68550898081115, 1.68557266625526, 1.68552582484224, 1.68535165686389, 1.68551509784887, 1.68525053513763, 1.68552303683508, 1.68512798081622,  1.6850245879906, 1.68514083727251, 1.68548202345898,  1.6855120010869
 1.6850251183981, 1.68521806069199, 1.68498886824564, 1.68527006478292, 1.68502327839902, 1.68524899695498, 1.68551304028717, 1.68494114746393, 1.68519059824012, 1.68528523514803, 1.68552812660316, 1.68532603305602, 1.68496540225758,  1.6851007755566, 1.68494548568463, 1.68554504721283, 1.68559149539018, 1.68493596431854, 1.68499888454015, 1.68550688952332, 1.68504665563713, 1.68559029509203, 1.68543115399738, 1.68528038765879,  1.6850714551511, 1.68519072536257, 1.68496599820068, 1.68523324863668, 1.68500778117042, 1.68502394308775,  1.6849704414616, 1.68502699949199, 1.68544092174444, 1.68503324623453, 1.68541054034749, 1.68521965761909, 1.68558878631339, 1.68543510740937, 1.68543198890486, 1.68557662792707, 1.68545098403398
1.68552931690915, 1.68537427973233, 1.68494001048999, 1.68505330393688, 1.68543225149437, 1.68515061855845, 1.68557159100388, 1.68526149275233, 1.68528423881313,  1.6854170611212, 1.68521139972972, 1.68496540415185, 1.68557845792354,  1.6850275360066, 1.68509873034529, 1.68493571668339, 1.68547350040821, 1.68536692251133, 1.68534014672198, 1.68501511536007,  1.6849721920398, 1.68522646650032, 1.68557064385884, 1.68497180424461, 1.68500355256967, 1.68559175866868, 1.68537831727357,  1.6855883376046, 1.68558613380295, 1.68558608970096, 1.68556861990561, 1.68494836638255, 1.68555961724417, 1.68494145906115, 1.68499253178856, 1.68520313943996, 1.68523174200195, 1.68557796983817, 1.68558871855766, 1.68558437284323, 1.68537923471136
1.68559101690884,  1.6851879680976, 1.68494229614779, 1.68493516216874, 1.68558867321673, 1.68556163251848, 1.68557502136399, 1.68506431232218, 1.68553319198958, 1.68493503762746, 1.68559169968892, 1.68499657196966, 1.68545123174594, 1.68543474445485, 1.68555776884132, 1.68493821312027, 1.68559059440657, 1.68544437621114, 1.68494122367801, 1.68551432922407, 1.68508713718271,  1.6853829905453, 1.68519873113941, 1.68506405730423, 1.68500993350555, 1.68537665366123,    1.68521041356, 1.68544405887556,   1.685347566271, 1.68556299388098, 1.68501750760496, 1.68544936227338, 1.68496631837001, 1.68495585626707, 1.68554687638474, 1.68541378665866, 1.68499961097259, 1.68525474812897, 1.68551110485608, 1.68551077776257,  1.6853041087061
1.68548573518341,  1.6850409986996, 1.68514800036918, 1.68524046349376,  1.6854188409166, 1.68506421702203, 1.68559176962677, 1.68493518112513, 1.68550655101121, 1.68511015183577, 1.68494346493127, 1.68524590153128, 1.68503465037972, 1.68513792615137, 1.68545972709915, 1.68537283595838, 1.68542944075114, 1.68526072702642, 1.68502477103979, 1.68493507900722, 1.68553770084606, 1.68493522307261, 1.68494013447985, 1.68543320780547, 1.68552424085115, 1.68544488225915, 1.68495213513297, 1.68559182260786, 1.68559185711662, 1.68500301139714, 1.68504603722438, 1.68547992433111, 1.68494384812425, 1.68498353528032, 1.68543286028642, 1.68513746599566, 1.68557933377071, 1.68493563276899, 1.68526029396875, 1.68537972155378, 1.68523376318074
1.68521732402825, 1.68559081496969, 1.68513172150035, 1.68551302877231, 1.68559103627997, 1.68531452372195, 1.68515173867177, 1.68506363207211, 1.68494481818956, 1.68504614355603, 1.68526259436588, 1.68513353832288, 1.68539854494924, 1.68497313619094, 1.68546978653778, 1.68506622357929, 1.68529147404502, 1.68545545004788, 1.68559090891186, 1.68548006304609, 1.68558635169589, 1.68543535141965, 1.68515457337162, 1.68539312337623,  1.6849556901929, 1.68522359038899, 1.68499252541508, 1.68545079303131,  1.6853777666724, 1.68500774003443, 1.68544577661957, 1.68494965012966, 1.68558904472404, 1.68557654067496, 1.68508588528867,  1.6853327640709, 1.68517615451617, 1.68523809070881, 1.68500098166227, 1.68522533658033, 1.68517497012021
1.68559185240661, 1.68526167311933, 1.68546625636865, 1.68540146506135, 1.68558260994058, 1.68510331120015, 1.68517532304766, 1.68493698406383,  1.6855880252912, 1.68494902870093, 1.68544350234906, 1.68559166124484, 1.68499847768576, 1.68502615482621, 1.68556187111944, 1.68558424873984, 1.68498110114059, 1.68518613824199, 1.68515801974645, 1.68510983686606, 1.68559141548172,  1.6849502921461, 1.68496161210844, 1.68558655727699, 1.68494111535184, 1.68495448135518,  1.6850254217247, 1.68551703148349, 1.68523993688661,    1.68536249556, 1.68534778253437, 1.68495105532139, 1.68543401260273, 1.68498638878183, 1.68498981716007,  1.6854031355088, 1.68512986251487, 1.68558865704666, 1.68494904020404, 1.68508541136438, 1.68513270534371
1.68512300224447, 1.68502875019551, 1.68494197662347, 1.68558842571027, 1.68536513163233, 1.68546306794311, 1.68546466957449, 1.68499041731628, 1.68551157042971, 1.68528788343301, 1.68526620430855, 1.68556299438009, 1.68526435959917, 1.68496158724024, 1.68542981606664,  1.6850009550756, 1.68510151257226, 1.68535623884726, 1.68498877249887, 1.68494360889588, 1.68507245990909, 1.68504668230056, 1.68502858993137,  1.6849360011865, 1.68533114287088, 1.68496900079814, 1.68531781486898, 1.68536978721165, 1.68493848741269, 1.68493618154808, 1.68536572526009,  1.6855035879345, 1.68496991150147, 1.68516598915375, 1.68509935369938, 1.68496832419889, 1.68556095944442, 1.68536987013071,  1.6851455475717, 1.68498924652919, 1.68511034645261
1.68503567726935, 1.68559191795887, 1.68518196259896, 1.68553365670868, 1.68505000865214, 1.68547546645118, 1.68510169696437, 1.68501874923639,   1.685388409536, 1.68553518318186, 1.68559103774673, 1.68501469317528,   1.685293357577, 1.68552172935777, 1.68551294935927, 1.68522426655681, 1.68558259676183,  1.6855314314368, 1.68501274029823, 1.68548594242428, 1.68518993233777, 1.68495508410856, 1.68555315582512, 1.68494661194357, 1.68493491797743, 1.68554788383538, 1.68521937681808, 1.68554546559433, 1.68493657721921, 1.68504656286789, 1.68498277940065, 1.68540721575477, 1.68559190778511, 1.68496933015124, 1.68553961020183, 1.68551375438085, 1.68494822577402, 1.68496831948637, 1.68541041574632, 1.68494408032734,  1.6851108652014
1.68533375798647, 1.68554860909954, 1.68527110248331, 1.68557115325268, 1.68498200813681, 1.68503312610667, 1.68493495511169, 1.68515704128634, 1.68532510919775, 1.68554042931353, 1.68550389255714, 1.68497546687482, 1.68517224868117, 1.68557747628736, 1.68497852173299, 1.68494007670145, 1.68502738622494, 1.68493730842263, 1.68493501780175, 1.68504450577676, 1.68535220386233,  1.6855248991683, 1.68507056289152, 1.68540163527956, 1.68496708540044, 1.68510226902634, 1.68501521037903, 1.68520825840753, 1.68499438223656, 1.68540469318958, 1.68553765873721, 1.68533915715596, 1.68558878061989, 1.68552468841947, 1.68510060515337, 1.68545180146667, 1.68549841707139, 1.68509422493544, 1.68556568740248, 1.68493473167065, 1.68513901044603
1.68555460204414, 1.68557859377542, 1.68496435678229, 1.68544460112893, 1.68493534352499, 1.68511269687396, 1.68501318537538,  1.6855839905248,   1.684945946884, 1.68517033950732, 1.68551681191982, 1.68547571107321, 1.68497957246841,  1.6852811267592, 1.68551355991716, 1.68516596393388, 1.68545842229394, 1.68514464201518, 1.68500836121584, 1.68523041827853, 1.68551715951604, 1.68556778770985, 1.68552268498411, 1.68511687404271, 1.68555379725767, 1.68508930901569, 1.68508328027659, 1.68545138643846, 1.68494206305178, 1.68556925220247, 1.68555700377771, 1.68515495657856, 1.68493482681159, 1.68536375900281, 1.68554455266974, 1.68500459021614, 1.68525468007918, 1.68550460201039, 1.68558787825233, 1.68493764004017, 1.68520206788347
1.68493549524995,  1.6851026090982, 1.68509051253427, 1.68538254783154, 1.68531643479335, 1.68520915745449, 1.68551789235311,  1.6851928111083, 1.68525088772919,  1.6854163116647, 1.68523367179848, 1.68544981404058, 1.68501757287774, 1.68545475030429, 1.68558185602583, 1.68495115484181, 1.68517153714045,  1.6850824832446, 1.68509770903052, 1.68531157126094, 1.68528552047717, 1.68514111089353, 1.68532623825852, 1.68550688242788, 1.68493699969584, 1.68545959383609,  1.6850919811157, 1.68498963529843, 1.68524673845878,  1.6855917555635, 1.68538477521221, 1.68546984028967, 1.68555538615424, 1.68504633862415, 1.68528471888384, 1.68498575817932, 1.68508362987243, 1.68556904524459, 1.68554100215496, 1.68493673043747, 1.68530568075985
1.68558637121658, 1.68535103511929, 1.68557829642107, 1.68534092457415, 1.68558886084586, 1.68498499748385, 1.68548199920684, 1.68552449449398,  1.6853311634907, 1.68513157622725, 1.68516615083733,  1.6851778405744,  1.6855430031411, 1.68506988660133, 1.68527942864812, 1.68493695761308, 1.68494346480769, 1.68514557489486, 1.68526466763287, 1.68556132326728,  1.6855624861947,  1.6855883500993, 1.68554806573864,   1.685299764175, 1.68534843445678, 1.68537107544299, 1.68503820293573,  1.6850002485663, 1.68524135092407, 1.68503612419111, 1.68500351961954, 1.68498672055995, 1.68502332906084, 1.68509065800782, 1.68552869158271,  1.6852398270803, 1.68558600995713,  1.6853560268564, 1.68549182454877, 1.68493590411827, 1.68544150287442
1.68505968725615, 1.68511506105745, 1.68503580213386, 1.68559120979755,  1.6851699864693,  1.6854076959781, 1.68505673020408,  1.6851511736567, 1.68538611829674, 1.68559151753265, 1.68559046580412, 1.68556835407256, 1.68515761991921, 1.68494410849365, 1.68551319193695,  1.6849609843212, 1.68493813836884,  1.6854495564287, 1.68520037760562, 1.68553465000148, 1.68559129173515, 1.68497388274453, 1.68556649610245,  1.6852877622544, 1.68547366321954, 1.68548926043222, 1.68493966716074, 1.68559171526554, 1.68526136599863, 1.68559191260687, 1.68537906821789, 1.68506962530562, 1.68524759189998, 1.68493868382124, 1.68524222606563, 1.68546876948417,   1.685078456985, 1.68512639827761, 1.68548275333961, 1.68497127918502, 1.68556407288735
1.68510186952571,  1.6855919147865, 1.68558318621312, 1.68499187218791, 1.68533517664376, 1.68537925305737, 1.68541236733604, 1.68494072466467,  1.6850103366552, 1.68547983019112, 1.68493736524962, 1.68556000361122, 1.68553256000529, 1.68500283836264, 1.68508261282255, 1.68523642890989, 1.68542619250926, 1.68558566362981, 1.68545077929273, 1.68535528461588,   1.684936420615, 1.68533477595051, 1.68552720833383, 1.68493523925453, 1.68557045856002, 1.68525385079852, 1.68496080042479, 1.68558978763204, 1.68528619969672, 1.68520629404223, 1.68537505666738, 1.68501622472708, 1.68536439038939,  1.6854820910927, 1.68512406492807, 1.68558895329184, 1.68505388332684, 1.68501124325046, 1.68552621305287, 1.68510665307883, 1.68557205141389
1.68549856256324, 1.68524871445855, 1.68504680280408, 1.68559127649777,  1.6855245775559,  1.6855098377417,  1.6855778186239, 1.68503005775219, 1.68493716000943, 1.68493526380377, 1.68516938525035, 1.68554773215027, 1.68509687827947, 1.68518646918668, 1.68539239783766, 1.68494185868408, 1.68544217913141, 1.68556940110684, 1.68493493269242, 1.68558138738993, 1.68553759103831, 1.68558499597879, 1.68541088631578, 1.68498842890977, 1.68494895257626, 1.68552900912061,  1.6851062225894, 1.68505806479845, 1.68493755688482, 1.68544414758979, 1.68500762822518, 1.68556060639773, 1.68554255163335, 1.68494901697269, 1.68559143781678, 1.68545432395249, 1.68547076181688, 1.68499616863122, 1.68558672239008, 1.68535812511529, 1.68533216794587
1.68559096285973, 1.68495785454987, 1.68499314062132, 1.68512397135507, 1.68503555082641,  1.6855867842644, 1.68510784252728, 1.68535767100223, 1.68519367449935, 1.68494484131817, 1.68520884194901,  1.6855918184428, 1.68509663946176, 1.68557091896024, 1.68495934722775, 1.68532965068735, 1.68524753028873, 1.68493725668441, 1.68545861017097, 1.68496335776349, 1.68493869299728, 1.68535476404257,  1.6849999816916, 1.68549003988031, 1.68558241107103, 1.68509204427144, 1.68551643826634, 1.68494847529746, 1.68538699694437, 1.68503422228742, 1.68557989027966, 1.68535925820409, 1.68517277606316,  1.6850041616445, 1.68518628882776, 1.68494943023796, 1.68558661778868,  1.6850816429769, 1.68553178022709, 1.68557815603025, 1.68497590954387
 1.6855475867569, 1.68494447886814, 1.68521192939732, 1.68493806789793,  1.6851636626343, 1.68509781555492,  1.6852843753592, 1.68504367068021, 1.68494692598987, 1.68529017938378, 1.68497600728278, 1.68498826431346, 1.68557099522515, 1.68515591480197, 1.68528062734536, 1.68526732654411, 1.68556830944022, 1.68548626484055,  1.6855850427162, 1.68493486070493, 1.68494556098651, 1.68548640195865,  1.6855543745894, 1.68504075136604, 1.68513918479784, 1.68553322048379, 1.68531344910412, 1.68507174128326, 1.68493484418415, 1.68536101181009, 1.68529984051006, 1.68513313402309, 1.68493487921067, 1.68494085094519, 1.68494727424639, 1.68555205665151, 1.68558648913341, 1.68533817756817, 1.68517856166814, 1.68543880189091, 1.68507927912487
1.68554261456263, 1.68495621148534,   1.685296324741, 1.68501675329907,  1.6854870211237, 1.68558544983591, 1.68497214955901, 1.68543398712684, 1.68530033833382, 1.68528244054061, 1.68516735872091, 1.68557749874973, 1.68493915748297, 1.68549925512613, 1.68550894413569, 1.68526333812903, 1.68519509823964, 1.68495066218621, 1.68545336521372, 1.68503534559788, 1.68549757612604, 1.68531587191815,  1.6855796370807, 1.68505312022618, 1.68540523638993, 1.68498195464229, 1.68517988253558,  1.6855233899383, 1.68498605720442, 1.68532038191093, 1.68558371553831, 1.68507347698686, 1.68528706508671, 1.68546767732915, 1.68529476989426, 1.68514531821143, 1.68543719610899, 1.68559094240029, 1.68495296487155, 1.68496444636185, 1.68553183486941
1.68558723579083, 1.68493472024997, 1.68522031566985, 1.68500703807878,  1.6855517397342, 1.68529491688973, 1.68551338162428, 1.68535141496938, 1.68538467700547, 1.68500020978224, 1.68557047131436, 1.68523140612966, 1.68495451128035, 1.68497240431749, 1.68557519890001, 1.68558443960956, 1.68525442085073, 1.68556750216523, 1.68519892552518,  1.6850737487664, 1.68520207177729, 1.68552468279185, 1.68532681434427, 1.68516489892934, 1.68554469198787,  1.6855399978992,  1.6849934898478, 1.68541152340101, 1.68500180193481,  1.6850165456027, 1.68540325629156, 1.68500545068427, 1.68547451094432, 1.68521853247803,  1.6854797146133, 1.68537321365558, 1.68494653238632, 1.68517113099722, 1.68546484146178, 1.68524829496408, 1.68538994514013
1.68553490177921, 1.68504482815955, 1.68501334829281, 1.68493493926082, 1.68548694673712, 1.68520458574259, 1.68493488450725, 1.68554231166227, 1.68528630314785, 1.68541004211615, 1.68495073915898, 1.68537129906688, 1.68537981058096, 1.68495727537206, 1.68506450151004, 1.68558403070991, 1.68494391914537, 1.68517997490411, 1.68505541097892, 1.68516907694026, 1.68548967565711, 1.68536859013454, 1.68520325309006, 1.68543509515013, 1.68557983605903, 1.68530838246834, 1.68529145318412, 1.68554361865225,   1.684941058889, 1.68553957279293, 1.68511109682651,  1.6850219694316, 1.68521309939672, 1.68544403094246, 1.68554932645283, 1.68513867972917, 1.68551101104722, 1.68517709850759, 1.68534445949046, 1.68556260037897, 1.68494284297066
1.68520215106213, 1.68544076629366, 1.68498693098607, 1.68514090656201, 1.68519787803849, 1.68541751806234, 1.68499356590158, 1.68527130037108, 1.68510807943496, 1.68516025323537, 1.68551172213702,  1.6855752376053, 1.68548900640876, 1.68494139245814, 1.68527450606682, 1.68507193158559, 1.68511499167839, 1.68498129026986,  1.6851718727768, 1.68558230663392, 1.68509574353443, 1.68493671904892, 1.68555411970451, 1.68530522757161, 1.68493632920484, 1.68524062428363,  1.6855226131256, 1.68531428827797, 1.68526572729627, 1.68551485624588,  1.6849347681769, 1.68558064028795, 1.68496798172217, 1.68493518068366, 1.68502896905367, 1.68534272247177, 1.68494079455455, 1.68542858048477, 1.68508806212431, 1.68493871595743,  1.6855165121275
1.68495174366656, 1.68553395450267, 1.68549112094413,  1.6855828248261, 1.68495120055063, 1.68557276572531,  1.6849450891804, 1.68509594541222, 1.68553726403851,  1.6850131230944, 1.68526259883585,  1.6849780445754, 1.68519377487473, 1.68509412464807, 1.68555751112778,  1.6851935452381, 1.68557046134196, 1.68549467070308, 1.68494504818037, 1.68520798300582, 1.68557608912043, 1.68553896438923, 1.68559145585622, 1.68495812260606, 1.68541762497319, 1.68553723606336, 1.68552673048728, 1.68557132822996, 1.68515401138612, 1.68508301115434,  1.6853520501832, 1.68518136787493, 1.68532398051325, 1.68513704696572,  1.6853140508158, 1.68495390906218, 1.68542637102403, 1.68526561076199, 1.68550309941106, 1.68553087000142,  1.6852071573859
1.68552398442463, 1.68497638090224, 1.68537611552641, 1.68518161017414, 1.68555410692146, 1.68500013605748, 1.68551635612669, 1.68495282513608, 1.68505492889659, 1.68559120479559, 1.68498046430605, 1.68554109910818, 1.68494916574987, 1.68558739737144, 1.68493837132757, 1.68558276017326,  1.6854128504631, 1.68525309751926, 1.68497902793645, 1.68553191186021,  1.6855823014412,  1.6851848039739, 1.68528372531519, 1.68552943128963, 1.68495433044913, 1.68556558458383, 1.68557045281069, 1.68512281308306, 1.68522084269616, 1.68530930364391, 1.68518253374675,   1.684940198643, 1.68558389021507, 1.68503254265237, 1.68543101557024, 1.68551238233785, 1.68559191832426,  1.6850299581084, 1.68512175882064, 1.68503685676614, 1.68519978553571
1.68522977307262, 1.68544552303487, 1.68501928515987, 1.68524388464486,  1.6850685646314, 1.68553022296013, 1.68500773020035, 1.68522023612901, 1.68528512692198, 1.68556991387271, 1.68543970584588, 1.68497351769889, 1.68556300416922, 1.68497959352517,  1.6855860208134, 1.68520502734549,  1.6855768603234, 1.68496808955461, 1.68556648684592, 1.68550739351189, 1.68523888894658,  1.6854766714462, 1.68549671581472, 1.68529852432841,  1.6853357860259, 1.68559175827211, 1.68557695189399, 1.68495825534822, 1.68520355322863, 1.68493519157815,  1.6851148651292, 1.68530014677794, 1.68533478901112,  1.6853996220967, 1.68520045180872, 1.68494185128828, 1.68555816073088, 1.68556616621053,  1.6852884307062, 1.68549919694606, 1.68546427114341
1.68524975835998, 1.68518111230927, 1.68552393927059, 1.68529463398311, 1.68555182065369, 1.68493720150789,   1.685508958668, 1.68535572876137, 1.68557705847765, 1.68554902052188, 1.68559120206727,  1.6855891922825, 1.68493660836744, 1.68499006712803, 1.68493851223395, 1.68497375783065, 1.68536576718081, 1.68494626886799, 1.68496032154859, 1.68493801962852, 1.68493663988554, 1.68538481694172, 1.68556919965691, 1.68497934930312, 1.68541366916075, 1.68527172426869, 1.68511952525413, 1.68498619289481, 1.68548067516167, 1.68528949014016, 1.68521258854417, 1.68549344899895, 1.68513653549756, 1.68541280165694, 1.68494835741986, 1.68554769724323, 1.68554916281522, 1.68542012113915, 1.68548317744265, 1.68498555188145, 1.68505723042799
1.68526864082214,  1.6854591046605, 1.68510062832027,  1.6854537753623,  1.6849472515165, 1.68536804462188, 1.68558707403181, 1.68551237695343, 1.68524635608448, 1.68502421810984, 1.68557004389991, 1.68504930806599, 1.68557762097674, 1.68502041636459, 1.68514211817225, 1.68520918351496, 1.68506632439478, 1.68493474447345, 1.68555949060735, 1.68505919339001, 1.68535071783259, 1.68505878222082, 1.68493598063191, 1.68503112229279,  1.6853452410777, 1.68557568675818,   1.684964099423, 1.68503259314528, 1.68505883273655, 1.68539850935997, 1.68556854560698, 1.68541282227239, 1.68495607092093, 1.68550354743791, 1.68529517871659, 1.68524810127657, 1.68557602860027, 1.68502781428549, 1.68493739731557, 1.68558208192369, 1.68551611779984
1.68546486471298,  1.6849620550166, 1.68519244197629, 1.68493475917503, 1.68522385506284, 1.68557639658687, 1.68549659172028, 1.68507842657137,  1.6849477330613, 1.68542705060019, 1.68554755882535, 1.68518784575649, 1.68495272076379,  1.6850518186734, 1.68502741002877, 1.68544831348381, 1.68533344126217, 1.68552543736689, 1.68529505443554,  1.6855055187702, 1.68511117665164, 1.68553291657111, 1.68515004381253, 1.68556798728423, 1.68503651565033, 1.68498157344145, 1.68559122038295, 1.68556501010223, 1.68547175134472, 1.68542501360724, 1.68503301697195,  1.6854418921832, 1.68516166214721, 1.68527704062282, 1.68556039954089, 1.68509971418584, 1.68559167033717, 1.68496796500551, 1.68541559410229, 1.68495250348121, 1.68505820921327
1.68493640825068, 1.68551038276668, 1.68559147409993, 1.68526288386288, 1.68552073957226, 1.68559099950997, 1.68495818054565, 1.68538452342191, 1.68509491968894, 1.68512126771353,  1.6855111650973, 1.68558977564466, 1.68493950643608, 1.68556043844495, 1.68507284143608,  1.6855052471096, 1.68545893136982, 1.68539415140937,  1.6854554288504, 1.68521163783851, 1.68493906719922, 1.68495149682112, 1.68556598684116, 1.68504414541719, 1.68495008226042, 1.68556840353529, 1.68509618538537, 1.68494228992649, 1.68528708970324, 1.68524231608244, 1.68538036469846, 1.68547525060962, 1.68513853377739, 1.68537302118816,  1.6854694667449,  1.6855135825036, 1.68556018719074, 1.68526731309044, 1.68549414108325, 1.68549973722761, 1.68547483341996
1.68537759814419, 1.68547879004609, 1.68533562234928,   1.685536890694, 1.68558502923851, 1.68554023968672, 1.68558844535329, 1.68559090706937, 1.68552990110048,  1.6855283787628, 1.68533124973374, 1.68536253224205, 1.68558989301061, 1.68512432925818, 1.68496475868475, 1.68494697560464,  1.6852345494859, 1.68522700647777, 1.68558969434817, 1.68545551955836, 1.68553808531525,  1.6849728623094, 1.68559166844129, 1.68505659552616, 1.68511275085338, 1.68496962557114, 1.68532685002647, 1.68494848164807, 1.68550618002007, 1.68551927135208, 1.68535503858964,  1.6853904460472, 1.68559125659891, 1.68541568455576, 1.68540144175965,  1.6850362900505, 1.68548720081384, 1.68554976408024, 1.68497508059246, 1.68525328922348, 1.68514500881665
1.68558936287727,  1.6850794365578, 1.68502559428136, 1.68559132203183, 1.68557923648264, 1.68518403152646, 1.68550277241881, 1.68501710118327, 1.68544113544466, 1.68496923861475, 1.68493492077963, 1.68508813270432, 1.68516552667576, 1.68550393135812, 1.68499471138527, 1.68555231023831, 1.68539700327521, 1.68548041074346,  1.6849696081185, 1.68510270973555,  1.6852845925609,  1.6851506649234, 1.68522101102584, 1.68548302883448,  1.6851532175832, 1.68506964387492,  1.6853708451647, 1.68552015075861, 1.68536469150771, 1.68539436357335, 1.68518875706077, 1.68512917993959, 1.68493523192499, 1.68493512936839, 1.68555112841316, 1.68535282858077,  1.6854122709136, 1.68555683708849, 1.68523833462765, 1.68509452651907, 1.68536087537693
1.68538449461103,  1.6849354472235, 1.68494010763368, 1.68559182546719, 1.68547307672476, 1.68505828977875, 1.68556241411645, 1.68557226993434, 1.68493599383102, 1.68556866565118, 1.68551685927367, 1.68508811309026, 1.68512535699461, 1.68546739130983, 1.68538851126929,  1.6853927072996, 1.68559026482902, 1.68554945005049, 1.68526067399178, 1.68534940888574, 1.68495687177317, 1.68499973179262, 1.68512209827923, 1.68494785150531, 1.68498022284213, 1.68559172843712, 1.68554948146271, 1.68540486760585, 1.68558195241592, 1.68496507979006, 1.68494870825988, 1.68538273127645, 1.68527741675836, 1.68533309572965, 1.68555123293687, 1.68551270478528, 1.68537620675657, 1.68529432043597, 1.68558248568225,  1.6855688918552, 1.68527779116603
1.68514044691063, 1.68496595377677,  1.6849349092387, 1.68557531079594, 1.68512117202457, 1.68551856492011, 1.68518220376036, 1.68494174445253,  1.6855121480264, 1.68516321274402, 1.68530716105278, 1.68547370803375, 1.68556574512164, 1.68559188603944, 1.68545639758538,  1.6849568230826, 1.68500304194361, 1.68530720022627, 1.68534446653739, 1.68499741407147, 1.68535910279532, 1.68555352921342, 1.68532137679135, 1.68495020808404, 1.68545531927735, 1.68543654254911, 1.68504771494374, 1.68507733355267, 1.68544947462466,   1.685422265997,  1.6855912952465, 1.68557762378221, 1.68552170091052, 1.68552236804802, 1.68549660166316, 1.68500962822345,  1.6854013507841, 1.68497300172429, 1.68510641339259, 1.68495417836981, 1.68521652381755
1.68502810652607, 1.68498723270017, 1.68494832889307, 1.68542902019085, 1.68500227191778, 1.68516984434729, 1.68558536530296, 1.68494404578248, 1.68518803373458,  1.6849455839339, 1.68515850190429, 1.68514086257453, 1.68493928682751, 1.68493897304793, 1.68559148349046, 1.68500128632016, 1.68545759385233, 1.68552123226379, 1.68559182500801, 1.68557191402278, 1.68535527758033, 1.68499492904809, 1.68500352683902, 1.68524209513261, 1.68536230827528, 1.68507961398983,  1.6851454698102, 1.68498435636886, 1.68518922910543, 1.68495118531901, 1.68553129940555, 1.68546282701986, 1.68546324324216, 1.68501640073314, 1.68493606650053,  1.6849908225797, 1.68548492777698, 1.68505593858821,  1.6850957960488, 1.68549047079151,  1.6853928037708
1.68500803729525, 1.68495754500179,  1.6850591211338, 1.68508428178801, 1.68557801927112, 1.68501674241219, 1.68543412052551, 1.68555647651447, 1.68528816703785, 1.68501928176989, 1.68499078355032, 1.68532217618438,  1.6849840388538, 1.68495980263326, 1.68537061479587, 1.68522036587458, 1.68500553639127, 1.68493805415378, 1.68548285480831, 1.68493596407708, 1.68552732717643, 1.68554698390548, 1.68550891080155, 1.68510048055105, 1.68521237967498, 1.68493580045772, 1.68509075658825, 1.68544184181097, 1.68526286453386, 1.68515070492805, 1.68557613949647, 1.68559179527618, 1.68500088200966, 1.68493804600163, 1.68556443173872, 1.68519934404254, 1.68557715716274, 1.68550399410742, 1.68559180437695,  1.6852360470366, 1.68511367883159
1.68505144439951, 1.68493670724645, 1.68533766352127, 1.68497528495497, 1.68512700328725, 1.68542435044476,  1.6853417736391,   1.685586023015, 1.68532196458801, 1.68494578757987, 1.68495667534323,  1.6854590529718, 1.68551539996306, 1.68514047655116, 1.68544175102642, 1.68546626663447, 1.68557284714591, 1.68508265924256, 1.68499908089668, 1.68555353601803, 1.68494164337604, 1.68495371792019, 1.68493898525619, 1.68511928638152,  1.6855879912616, 1.68511570077522, 1.68554776025846, 1.68504245207139, 1.68519385910011, 1.68502654377065, 1.68502991674169, 1.68500522326477,   1.685031457807, 1.68523361405048, 1.68523741677822, 1.68531126847353, 1.68556100977171, 1.68550036153522, 1.68509558438579, 1.68517622436148,  1.6854483875033
1.68517027767179, 1.68503810038716, 1.68557755825422, 1.68545207201499, 1.68525595950774, 1.68559076719166, 1.68507868775054, 1.68546469588011, 1.68524061229276, 1.68503340830927, 1.68558891551237, 1.68523422884117, 1.68555023601472,  1.6852570268303, 1.68509972856488, 1.68557663773729, 1.68546673601306, 1.68555031091673, 1.68546247120782,  1.6854421108493, 1.68493684041935, 1.68495088550574, 1.68549068955881, 1.68494363265975, 1.68494700292411, 1.68507777625716, 1.68558166352203, 1.68505160044887, 1.68545488048598, 1.68547448772619, 1.68507954611545, 1.68534977443039, 1.68502855823662, 1.68546722620025, 1.68493474280693, 1.68529837831846, 1.68532062798751, 1.68500608794057, 1.68521190330671, 1.68547250675054, 1.68508946988066
1.68535241121715, 1.68528816101158, 1.68550414761269, 1.68553823633352, 1.68549478203268, 1.68521682186298, 1.68555737128367, 1.68501976117452, 1.68523532706092, 1.68536027151518, 1.68551830241479,  1.6851005899734, 1.68493529157308, 1.68553827732546, 1.68496732351726, 1.68558594946875, 1.68556023513555, 1.68536233676631, 1.68512238480167, 1.68498211397514, 1.68511650760116, 1.68544584421609, 1.68520537799927, 1.68503388362752, 1.68521990064143, 1.68495767910327, 1.68535696230497,  1.6854959669542,  1.6853891881138, 1.68552237927476,  1.6855755387551, 1.68559159793721, 1.68493517053923, 1.68525497485889, 1.68503586055271,  1.6851666652847, 1.68496943674604, 1.68520284112212, 1.68551706663767, 1.68499751452945, 1.68543045195605
1.68551629017704, 1.68551944547756, 1.68520862347712, 1.68515519635463, 1.68496250942464, 1.68523482181753, 1.68556973003656,  1.6850340698762, 1.68554403883591, 1.68552013278216, 1.68547955449572, 1.68509139315964, 1.68495862884381, 1.68527434778443, 1.68536015104241, 1.68556030672264,  1.6851014602785, 1.68524535162977, 1.68527811251952, 1.68496406129377,  1.6855091512555, 1.68543854805961,  1.6855916653327, 1.68502110278376,  1.6849353119194, 1.68559163361688, 1.68559129270253, 1.68501835801333, 1.68494354922883, 1.68558995067081, 1.68493518385745,  1.6853776962706, 1.68554409446467, 1.68494351132573, 1.68509956343266, 1.68497217878599, 1.68513410567518, 1.68557105256481, 1.68493683516584, 1.68555304858675, 1.68516510793247
 1.6855876014751, 1.68559184062508, 1.68498779617165,   1.684943912639, 1.68503163550886, 1.68493821610043, 1.68531158302201,  1.6849385435527, 1.68513725868044, 1.68543006052685, 1.68558867891776, 1.68496012253361, 1.68494059697831, 1.68494012849457, 1.68542373832346, 1.68542923498676, 1.68541271735736, 1.68495980120891, 1.68549874691292, 1.68518194365808,  1.6849638441697, 1.68556724999898, 1.68494784435258, 1.68515651876849, 1.68530373669626, 1.68535143306324, 1.68556809601226, 1.68559157145628, 1.68516034742687, 1.68539818197035, 1.68558066854913, 1.68558907564264, 1.68493734116076, 1.68513789409339, 1.68503314877718, 1.68501217588915,  1.6855878792567, 1.68498564796145, 1.68558610045798, 1.68496302555948, 1.68530800756026
1.68558588257941, 1.68557091016325, 1.68493919900019, 1.68493511810635, 1.68500089187063, 1.68536383574851, 1.68539915787573,  1.6853291665452, 1.68525033675097,  1.6849347222575, 1.68555917159028, 1.68530584273965, 1.68510623548519, 1.68544998521014, 1.68546957822696, 1.68504962138607, 1.68520602958284, 1.68538319207649, 1.68502066948157, 1.68557631807259,  1.6850202215273, 1.68556364260739, 1.68555542230518, 1.68497796504886, 1.68540968357325, 1.68500107453646, 1.68529138269426, 1.68549938562905, 1.68545296089133, 1.68556450027747, 1.68555687512398, 1.68499742345183, 1.68531791966832, 1.68522380426513, 1.68493553366279, 1.68546001793132, 1.68521008929202, 1.68542166792336, 1.68498627137825, 1.68554730004295, 1.68537664518752
  1.685580955143, 1.68557357312534, 1.68496283394887, 1.68500777426652, 1.68514021651006, 1.68503396971303,  1.6854994209036, 1.68551010328291, 1.68527207177917,  1.6852674690843, 1.68549127452967, 1.68494237134873, 1.68542009709627, 1.68503051490909, 1.68497136996255,  1.6849365747177, 1.68549836548218, 1.68493542161219, 1.68505086936158, 1.68502647373882,  1.6855232481399, 1.68556190313587, 1.68537283249032, 1.68554930009261, 1.68508783556434, 1.68559188478887, 1.68516359091992, 1.68493551396128, 1.68513552601882, 1.68519136707889, 1.68533419070805, 1.68556919252638, 1.68551862084639, 1.68513499798856, 1.68511391742737, 1.68550783291711, 1.68506878422018, 1.68529187550399, 1.68554753262038, 1.68501673118315, 1.68505679437805
1.68559060238508, 1.68558182809759, 1.68523573339146, 1.68552343704856, 1.68529023964954, 1.68556259681943, 1.68493677608012, 1.68495697765164, 1.68501979399993, 1.68507796239572, 1.68498382811905, 1.68554364052716, 1.68531594594298, 1.68496377285894, 1.68544684409178, 1.68542429214131, 1.68495088054654, 1.68545074768234, 1.68546721233682, 1.68505423086811, 1.68497926165193, 1.68504666224873, 1.68545649858385, 1.68543466309615, 1.68507460182649, 1.68558223195044, 1.68542371056169, 1.68537906038086, 1.68511998458802, 1.68555442482152, 1.68534820505589, 1.68549132730375, 1.68553435653714, 1.68495664044551,  1.6855482754958, 1.68496597388309, 1.68557752086036,  1.6851780820301, 1.68499517668204, 1.68543420730795, 1.68558699705882
1.68543490175789,  1.6852450622489, 1.68558246208193, 1.68499464622228,  1.6855422120217, 1.68504456883851, 1.68552977558608, 1.68510456688265, 1.68525390423815, 1.68546493005695, 1.68559184198378, 1.68554979000727, 1.68507050726395, 1.68555048141963, 1.68552149202368, 1.68513486435043, 1.68494287073329, 1.68511878075219, 1.68497739511943, 1.68558753878963, 1.68499921126304, 1.68494620482044, 1.68551283312142, 1.68535056132102, 1.68535418115467, 1.68532952227262, 1.68494101239646, 1.68535323874334, 1.68494672128953, 1.68500753282646, 1.68493808069022,  1.6853760768663, 1.68542219026377, 1.68506816921603, 1.68538986670301, 1.68539662621417, 1.68494305762503, 1.68540082643884, 1.68557948574479, 1.68526322395217,  1.6849667852803
1.68496016331833, 1.68503744425856, 1.68494947956635,  1.6855243435952, 1.68537334684108,  1.6849421610701, 1.68507630999233, 1.68508653004518, 1.68508410009073, 1.68557678448891, 1.68519057206937, 1.68513263297475, 1.68538109480988, 1.68494197123889, 1.68542533479213, 1.68557434689082, 1.68537793916322, 1.68535401786498, 1.68547314259716, 1.68548704152949, 1.68520506802022, 1.68546369896964, 1.68525187971568, 1.68553113595888, 1.68495816830785, 1.68494174631945, 1.68556172102479, 1.68552749580071, 1.68556055936443,  1.6855178907753, 1.68498197154134, 1.68545891599198,   1.685113209697, 1.68554869009269, 1.68493986141399, 1.68535700538634, 1.68557395578515, 1.68517491037466, 1.68493485414357, 1.68511521696108, 1.68537485291732
1.68540658368689, 1.68552978049664, 1.68539174930699, 1.68559092700132, 1.68493615202017, 1.68494178884208, 1.68541425839163, 1.68533986345335, 1.68558132634274, 1.68531415783702, 1.68518560240412, 1.68547660477665, 1.68557014035444, 1.68558944918063,   1.685179133842,   1.685518521301, 1.68493545558488, 1.68532941688974, 1.68493987766388, 1.68549031176631, 1.68495114915182, 1.68493956456446,  1.6855289925248, 1.68557781672302, 1.68498085680182, 1.68538098626467,   1.685406954337, 1.68512690504496, 1.68500216846898, 1.68559125436666, 1.68496303975862, 1.68559074855321, 1.68496680567991, 1.68533700280161, 1.68556096615942, 1.68508689203034, 1.68497321631362, 1.68529979869846, 1.68554635991298, 1.68558315569612, 1.68547637351636
1.68512452702057,  1.6852795838372, 1.68559188092795, 1.68555500151005, 1.68556981051873, 1.68494889054644, 1.68537633430177, 1.68504602951084, 1.68543304037945, 1.68557392715624,  1.6850197495997, 1.68536955567413, 1.68557454312071, 1.68497274649732, 1.68509998333821, 1.68514540342769, 1.68493492000281, 1.68532104274929, 1.68552323300206, 1.68496635674441, 1.68505024949429, 1.68520019497849, 1.68510489694621, 1.68539300215744, 1.68535275718261, 1.68504950473125, 1.68507281415972,   1.685587873118, 1.68494543444072, 1.68559176415091, 1.68495941453199, 1.68538611138759, 1.68551042717508, 1.68498710257716, 1.68509429497698, 1.68547911485653, 1.68558605230865,  1.6854054107039, 1.68514659273053, 1.68498457863075, 1.68493561554091
1.68557629213717, 1.68493848798089, 1.68557886192671, 1.68521702576227, 1.68494003112484, 1.68493861813387, 1.68496357551894, 1.68535080460248, 1.68553660853076, 1.68497260950976, 1.68513381687996, 1.68505498957819, 1.68556640998614, 1.68527314372059, 1.68513356125999, 1.68558282215839, 1.68557919512674, 1.68554689921218, 1.68528913595541, 1.68508618121799, 1.68505999053557, 1.68521493761546, 1.68553087776271, 1.68546906214064, 1.68493941126042, 1.68552953548277, 1.68507360180693, 1.68553196171423, 1.68494287824267, 1.68552589889168, 1.68533326696062,  1.6849379563547, 1.68531999256052, 1.68558996305546, 1.68542172756384, 1.68508373641574, 1.68493562727918, 1.68500574178723,  1.6851556659823,  1.6852867533561, 1.68537130693054
1.68519068148143, 1.68499485538975, 1.68559115471673, 1.68496602379342, 1.68558956707948, 1.68495833274372, 1.68538512301707, 1.68545889739663, 1.68495869572526, 1.68558682265473, 1.68517114009964, 1.68500227621163, 1.68537932386311, 1.68508470176048,  1.6853637395999, 1.68507586103996, 1.68516617585731, 1.68545215641527, 1.68521157042441, 1.68518670207155, 1.68549795448059, 1.68495626737633, 1.68558506541822, 1.68493774153988,  1.6855619074425, 1.68506047040661, 1.68527109721037, 1.68555065487281, 1.68498824697459, 1.68516345049431, 1.68556585464093, 1.68545566694983, 1.68506126542911, 1.68494285976651, 1.68513269146276, 1.68536991245402, 1.68552345195524, 1.68558549470278, 1.68558828645994, 1.68556863170768, 1.68555345083965
1.68495842684633, 1.68501986461467, 1.68545406677753, 1.68552693008801, 1.68501321014462, 1.68520242006497, 1.68558599792831, 1.68518378636494, 1.68493484165889, 1.68501656608408, 1.68496783121098, 1.68507940512957, 1.68557677748325, 1.68514474719556, 1.68493476802871,   1.684938668989, 1.68499182933856, 1.68537702944783, 1.68555939838603, 1.68498501925829, 1.68530004620555, 1.68552766066434,  1.6849412376929, 1.68538192246152, 1.68551591761067, 1.68497039134374, 1.68518854051494, 1.68557725322051, 1.68540540853728, 1.68499691520651, 1.68499567860377, 1.68529080995219, 1.68552665577556, 1.68559066986811, 1.68550884866789, 1.68535831861286,  1.6852149437576, 1.68511431963729, 1.68505912272609, 1.68503993177779, 1.68505158420806
1.68493524678133,  1.6849547280376, 1.68504688376384, 1.68523885495444, 1.68545394831655, 1.68557427469947,   1.685589641191, 1.68557884714671, 1.68559171982592, 1.68549362468013, 1.68501094912608, 1.68532486110084, 1.68519089036442, 1.68557330890313, 1.68526502802782, 1.68508320704889, 1.68508704523332, 1.68523883875941, 1.68548368879026, 1.68558479618505, 1.68528408783433, 1.68493924569765, 1.68517473642426, 1.68554835131871, 1.68549464412035, 1.68508125925383, 1.68495171962704, 1.68523311819686, 1.68551771839298, 1.68558558956811, 1.68543212404354, 1.68518685246455, 1.68500347659777, 1.68493605377253, 1.68495642157404, 1.68501384480316, 1.68507004061718,  1.6851050045177,  1.6851111523922, 1.68508690398464, 1.68503584611327
1.68493504824755, 1.68496181322849, 1.68502264531639, 1.68509622986334, 1.68518995442118, 1.68532207662582, 1.68549017504817,   1.685591437928, 1.68532424645917, 1.68494013172793, 1.68553177250491, 1.68501859930597, 1.68558242090449, 1.68509408602212, 1.68496338012793, 1.68518433821354, 1.68531934875098, 1.68532282241509, 1.68522180395067, 1.68505640069828,  1.6849388163009, 1.68500776407971, 1.68525271530437, 1.68549872022961,  1.6855914863683, 1.68546866775861, 1.68520400432006, 1.68498709588703, 1.68493983501358, 1.68504321531117,  1.6852056176684, 1.68535486731314, 1.68546287911628, 1.68552909790551,  1.6855637671882, 1.68557863049663, 1.68558275727538, 1.68557969090923, 1.68556612871765, 1.68553169540346, 1.68546059540514
1.68495048744454, 1.68520306395181,  1.6854923932279, 1.68558778159311, 1.68536387787991, 1.68498575574536, 1.68507539072127, 1.68554711032002, 1.68527909082702, 1.68508949064757, 1.68551995059209, 1.68512165727882, 1.68518945896659, 1.68559073371648, 1.68531837809563, 1.68502153661462, 1.68493544224054, 1.68494913031623,  1.6849597086267, 1.68494702944768, 1.68493472604585,  1.6849607141142,  1.6850501422886,  1.6851936408606, 1.68535298725104, 1.68548742814078, 1.68557020188505, 1.68559116710134, 1.68555576289466, 1.68548168579273, 1.68539218475455, 1.68530791696233, 1.68524232881526, 1.68520091257506,  1.6851848577197, 1.68519476141495, 1.68523228843839, 1.68529921154877,   1.685392745001, 1.68549672286676, 1.68557622633915
1.68506013416884, 1.68551393098594, 1.68548629999087, 1.68498889334554, 1.68515519276355, 1.68558906729885, 1.68513213904206, 1.68517313769202, 1.68552521716744, 1.68499968636803, 1.68551362229448, 1.68522202025792,  1.6850337145434, 1.68555365545488, 1.68547805401963, 1.68515391263181, 1.68495986463316, 1.68494184496693, 1.68499028010498, 1.68503134446912,  1.6850433007559,  1.6850285947631, 1.68499808934625, 1.68496504346027,  1.6849414638122, 1.68493497438179, 1.68494731144148, 1.68497461968638, 1.68500955845989, 1.68504424239599, 1.68507205210293, 1.68508815906092, 1.68508946135279, 1.68507446570462, 1.68504371097111, 1.68500131045572, 1.68495791576245, 1.68493479113366, 1.68496437408086, 1.68507917626231, 1.68528178213982
1.68528053978036, 1.68556210913463, 1.68497866917564, 1.68530432028847, 1.68551700502872, 1.68493582126246, 1.68554831785003, 1.68504426390202,  1.6854717836584, 1.68501078875408, 1.68558356913774, 1.68501116031685, 1.68522094868313, 1.68559177165272, 1.68533066513469, 1.68499449239111, 1.68495816145501, 1.68513206412271, 1.68532058274576, 1.68544733874036, 1.68551645821083, 1.68555025379455,  1.6855658007861,  1.6855724302027, 1.68557471340386, 1.68557495809746, 1.68557461839904, 1.68557487954363, 1.68557670426128,  1.6855805557378, 1.68558593686511, 1.68559082917996,  1.6855911019715, 1.68558009278509, 1.68554886636864, 1.68548709266866, 1.68538467760218, 1.68523993240528, 1.68507170052639, 1.68494734266926, 1.68497759845614
 1.6855041143906, 1.68522278550257, 1.68514561613261, 1.68555001220533, 1.68494076470244, 1.68558488994567, 1.68494872817858, 1.68557676651005, 1.68493482052882, 1.68556599060617, 1.68516892316824, 1.68507835471016, 1.68558462502741, 1.68533851122468, 1.68495684673162,  1.6850663658793, 1.68540349379515, 1.68557926330022, 1.68556823971969, 1.68546555846578, 1.68533881700015, 1.68522199719026, 1.68512767123934, 1.68505648026074, 1.68500522279427, 1.68496979393481, 1.68494705231339, 1.68493582259314, 1.68493718523364,  1.6849543374475, 1.68499200459508, 1.68505548150758, 1.68514896890643, 1.68527051963701, 1.68540551257603, 1.68552516900709, 1.68558907301464, 1.68556101965271,  1.6854208412492, 1.68518496048982,  1.6849650395961
 1.6855913024786, 1.68493822018529, 1.68555904253768, 1.68499414926961, 1.68551406798187, 1.68500689437902, 1.68554879607737, 1.68493777168415, 1.68557909870186, 1.68512394390912, 1.68514599762787, 1.68559011248675,   1.685186790652, 1.68495361060075, 1.68535600833978, 1.68559166860612, 1.68544865833789, 1.68516746250816, 1.68496701775208, 1.68494886322155, 1.68506953994649, 1.68523985718522, 1.68539571386305, 1.68550722654519, 1.68557067391848, 1.68559183181565, 1.68557759248579, 1.68553284848693, 1.68546109369488, 1.68536467072663,  1.6852477214647,  1.6851211783645,  1.6850059099182, 1.68493894629988, 1.68496211078372, 1.68509815926026, 1.68531996421401, 1.68552574500158, 1.68558870578305,  1.6854457435865, 1.68514052565477
 1.6854618512019, 1.68510855315191, 1.68544616912085, 1.68515870490793, 1.68534790136016, 1.68531844336995, 1.68509948116282, 1.68555578762991, 1.68495207756431, 1.68541686764724, 1.68546473600231, 1.68495475237126, 1.68524062771813, 1.68559152002877, 1.68536051238736, 1.68499489146075, 1.68498963797581, 1.68529315183085, 1.68554218758818, 1.68558457260827, 1.68547356726212, 1.68529182613608, 1.68510807629479, 1.68497796574049,  1.6849348055828, 1.68498215235182, 1.68510050782739, 1.68525760508655,  1.6854154990176, 1.68553533568041, 1.68559019181935, 1.68556613111571, 1.68546136763754,   1.685287875177, 1.68508545829423, 1.68494542658981, 1.68498784678907, 1.68523691839453, 1.68552001269194, 1.68557452905198, 1.68531862170861
1.68518376038366, 1.68544231030061, 1.68501530098067, 1.68556967981526, 1.68493853901848, 1.68554014813327, 1.68519609650787, 1.68511685108942, 1.68558357481408, 1.68506402220885, 1.68513038072247, 1.68558921633657, 1.68530685399646,  1.6849381336334, 1.68519384141153, 1.68555779174859, 1.68552604358298, 1.68524044879293, 1.68497899064059, 1.68496231763814, 1.68516878892659, 1.68542007706271, 1.68556942940307, 1.68558131454643,  1.6854839273766, 1.68531882054731, 1.68513323907165, 1.68498528207972, 1.68493541609225, 1.68501418727445, 1.68519977746448, 1.68541795481151, 1.68556678888794, 1.68557753776254, 1.68543670812551, 1.68518572009223, 1.68496219750062, 1.68499830453881, 1.68532990659906, 1.68558660622326, 1.68543095670568
